group_key,title,category,logged_at_utc,market_url,primary_outcome,primary_size_pct,primary_market_price,resolved_outcome,is_correct,checked_at_utc
https://polymarket.com/event/massachusetts-democratic-senate-primary-winner,Massachusetts Democratic Senate Primary Winner,elections,2026-08-31T19:25:54.346827+00:00,https://polymarket.com/event/massachusetts-democratic-senate-primary-winner,Ed Markey,100.0,0.9905,Ed Markey,True,2026-09-02T18:52:54.463126+00:00
https://polymarket.com/event/massachusetts-governor-republican-primary-winner,Massachusetts Governor Republican Primary Winner,elections,2026-08-31T19:25:55.388770+00:00,https://polymarket.com/event/massachusetts-governor-republican-primary-winner,Michael Minogue,100.0,0.986,Michael Minogue,True,2026-09-02T18:52:54.664072+00:00
https://polymarket.com/event/ma-08-democratic-primary-winner,MA-08 Democratic Primary Winner,elections,2026-08-31T19:25:55.895918+00:00,https://polymarket.com/event/ma-08-democratic-primary-winner,Stephen Lynch,86.62,0.825,Stephen Lynch,True,2026-09-02T18:52:54.872471+00:00
https://polymarket.com/event/ma-05-democratic-primary-winner-20260727181542922,MA-05 Democratic Primary Winner,elections,2026-08-31T19:25:56.375830+00:00,https://polymarket.com/event/ma-05-democratic-primary-winner-20260727181542922,Katherine Clark,100.0,0.9865,Katherine Clark,True,2026-09-02T18:52:55.082990+00:00
https://polymarket.com/event/ma-09-democratic-primary-winner-20260727181858121,MA-09 Democratic Primary Winner,elections,2026-08-31T19:25:56.839861+00:00,https://polymarket.com/event/ma-09-democratic-primary-winner-20260727181858121,Bill Keating,100.0,0.993,Bill Keating,True,2026-09-02T18:52:55.293644+00:00
https://polymarket.com/event/us-reissues-iran-oil-sales-sanction-relief-byptptpt-20260708142359046,US reissues Iran oil sales sanction relief by...?,commodities,2026-08-31T19:25:57.307217+00:00,https://polymarket.com/event/us-reissues-iran-oil-sales-sanction-relief-byptptpt-20260708142359046,August 31,35.0,0.0015,,,2026-10-04T20:53:52.662817+00:00
https://polymarket.com/event/mitch-mcconnell-votes-in-the-senate-by-august-31-20260729184249668,Mitch McConnell votes in the Senate by August 31?,elections,2026-08-31T19:32:17.668592+00:00,https://polymarket.com/event/mitch-mcconnell-votes-in-the-senate-by-august-31-20260729184249668,Mitch McConnell votes in the Senate by August 31?,35.0,0.0005,No,False,2026-09-01T20:55:17.074706+00:00
https://polymarket.com/event/will-wisconsin-order-a-democratic-governor-primary-recount-by-august-31-20260812123408427,Will Wisconsin order a Democratic governor primary recount by August 31?,elections,2026-08-31T19:32:17.668821+00:00,https://polymarket.com/event/will-wisconsin-order-a-democratic-governor-primary-recount-by-august-31-20260812123408427,Will Wisconsin order a Democratic governor primary recount by August 31?,35.0,0.0015,No,False,2026-09-01T20:55:17.100718+00:00
https://polymarket.com/event/what-price-will-spy-hit-in-august-2026,What will S&P 500 (SPY) hit in August 2026?,stocks,2026-08-31T19:32:17.669112+00:00,https://polymarket.com/event/what-price-will-spy-hit-in-august-2026,↑ $790,35.0,0.011,↑ $770,False,2026-09-01T20:55:17.130747+00:00
https://polymarket.com/event/what-price-will-xauusd-hit-in-august-2026,What will Gold (XAUUSD) hit in August 2026?,commodities,2026-08-31T19:32:17.669256+00:00,https://polymarket.com/event/what-price-will-xauusd-hit-in-august-2026,"↑ $4,700",35.0,0.002,"↑ $4,600",False,2026-09-01T20:55:17.159317+00:00
https://polymarket.com/event/what-price-will-xagusd-hit-in-august-2026,What will Silver (XAGUSD) hit in August 2026?,commodities,2026-08-31T19:32:17.669383+00:00,https://polymarket.com/event/what-price-will-xagusd-hit-in-august-2026,↓ $56,35.0,0.005,↑ $70,False,2026-09-01T20:55:17.186011+00:00
https://polymarket.com/event/what-price-will-wti-hit-in-august-2026,What will WTI Crude Oil (WTI) hit in August 2026?,commodities,2026-08-31T19:32:17.669555+00:00,https://polymarket.com/event/what-price-will-wti-hit-in-august-2026,↑ $90,35.0,0.0015,↓ $80,False,2026-09-01T20:55:17.213104+00:00
https://polymarket.com/event/what-price-will-ng-hit-in-august-2026,What will Natural Gas (NG) hit in August 2026?,commodities,2026-08-31T19:32:17.669755+00:00,https://polymarket.com/event/what-price-will-ng-hit-in-august-2026,↑ $3.00,35.0,0.0105,↓ $2.80,False,2026-09-01T20:55:17.237750+00:00
https://polymarket.com/event/what-price-will-bitcoin-hit-in-august-2026,What price will Bitcoin hit in August?,crypto,2026-08-31T19:32:17.669913+00:00,https://polymarket.com/event/what-price-will-bitcoin-hit-in-august-2026,"↑ 82,500",35.0,0.0105,"↑ 80,000",False,2026-09-01T20:55:17.286980+00:00
https://polymarket.com/event/what-price-will-ethereum-hit-in-august-2026,What price will Ethereum hit in August?,crypto,2026-08-31T19:32:17.670064+00:00,https://polymarket.com/event/what-price-will-ethereum-hit-in-august-2026,"↑ 2,600",35.0,0.023,"↑ 2,500",False,2026-09-01T20:55:17.316834+00:00
https://polymarket.com/event/what-will-the-ethereum-implied-volatility-index-hit-by-august-31-2026,What will the Ethereum Implied Volatility Index hit by August 31?,crypto,2026-08-31T19:32:17.670194+00:00,https://polymarket.com/event/what-will-the-ethereum-implied-volatility-index-hit-by-august-31-2026,↑ 70,35.0,0.055,↑ 60,False,2026-09-01T20:55:17.358804+00:00
https://polymarket.com/event/what-will-the-bitcoin-implied-volatility-index-hit-by-august-31-2026,What will the Bitcoin Implied Volatility index hit by August 31?,crypto,2026-08-31T19:32:17.670314+00:00,https://polymarket.com/event/what-will-the-bitcoin-implied-volatility-index-hit-by-august-31-2026,↑ 55,35.0,0.0705,↑ 45,False,2026-09-01T20:55:17.395870+00:00
https://polymarket.com/event/brazil-gdp-growth-in-q2-2026-qoq,Brazil GDP Growth in Q2 2026 (QoQ)?,gdp,2026-08-31T19:32:17.670471+00:00,https://polymarket.com/event/brazil-gdp-growth-in-q2-2026-qoq,0.3%–0.5%,80.06,0.7625,0.3%–0.5%,True,2026-09-01T20:55:17.428579+00:00
https://polymarket.com/event/ma-01-democratic-primary-winner-20260727173754524,MA-01 Democratic Primary Winner,elections,2026-08-31T19:26:04.034452+00:00,https://polymarket.com/event/ma-01-democratic-primary-winner-20260727173754524,Richard Neal,96.71,0.921,Richard Neal,True,2026-09-02T18:52:55.536447+00:00
https://polymarket.com/event/ma-04-democratic-primary-winner-20260727180932560,MA-04 Democratic Primary Winner,elections,2026-08-31T19:26:04.534079+00:00,https://polymarket.com/event/ma-04-democratic-primary-winner-20260727180932560,Jake Auchincloss,100.0,0.981,Jake Auchincloss,True,2026-09-02T18:52:55.710926+00:00
https://polymarket.com/event/bank-of-canada-decision-in-september-20260701223913897,Bank of Canada Decision in September?,boc,2026-08-31T19:26:05.141035+00:00,https://polymarket.com/event/bank-of-canada-decision-in-september-20260701223913897,No Change,100.0,0.9975,No Change,True,2026-09-02T18:52:55.916838+00:00
https://polymarket.com/event/reserve-bank-of-new-zealand-decision-in-september-20260710022000963,Reserve Bank of New Zealand decision in September?,central_banks_other,2026-08-31T19:26:05.696986+00:00,https://polymarket.com/event/reserve-bank-of-new-zealand-decision-in-september-20260710022000963,Increase,100.0,0.989,Increase,True,2026-09-02T18:52:56.108085+00:00
https://polymarket.com/event/august-unemployment-rate-1786116586124,August Unemployment Rate,employment,2026-08-31T19:26:06.616854+00:00,https://polymarket.com/event/august-unemployment-rate-1786116586124,4.1%,64.4,0.34,4.1%,True,2026-09-06T18:11:08.645946+00:00
https://polymarket.com/event/panw-quarterly-earnings-nongaap-eps-09-01-2026-0pt98,Will Palo Alto Networks (PANW) beat quarterly earnings?,stocks,2026-09-01T17:23:53.995592+00:00,https://polymarket.com/event/panw-quarterly-earnings-nongaap-eps-09-01-2026-0pt98,Will Palo Alto Networks (PANW) beat quarterly earnings?,99.12,0.944,Yes,False,2026-09-02T18:52:56.350710+00:00
https://polymarket.com/event/mdb-quarterly-earnings-nongaap-eps-09-01-2026-1pt61,Will MongoDB (MDB) beat quarterly earnings?,stocks,2026-09-01T17:23:53.995895+00:00,https://polymarket.com/event/mdb-quarterly-earnings-nongaap-eps-09-01-2026-1pt61,Will MongoDB (MDB) beat quarterly earnings?,100.0,0.9705,Yes,False,2026-09-02T18:52:56.561858+00:00
https://polymarket.com/event/nh-01-democratic-primary-winner,NH-01 Democratic Primary Winner,elections,2026-09-01T17:23:54.378816+00:00,https://polymarket.com/event/nh-01-democratic-primary-winner,Maura Sullivan,70.88,0.675,Stefany Shaheen,False,2026-09-13T20:20:51.433275+00:00
https://polymarket.com/event/new-hampshire-democratic-senate-primary-winner,New Hampshire Democratic Senate Primary Winner,elections,2026-09-01T17:23:54.379004+00:00,https://polymarket.com/event/new-hampshire-democratic-senate-primary-winner,Chris Pappas,99.38,0.9465,Chris Pappas,True,2026-09-13T20:20:51.494914+00:00
https://polymarket.com/event/rhode-island-democratic-senate-primary-winner,Rhode Island Democratic Senate Primary Winner,elections,2026-09-01T17:23:54.379186+00:00,https://polymarket.com/event/rhode-island-democratic-senate-primary-winner,Jack Reed,100.0,0.979,Jack Reed,True,2026-09-13T20:20:51.518867+00:00
https://polymarket.com/event/new-hampshire-republican-senate-primary-winner-296,New Hampshire Republican Senate Primary Winner,elections,2026-09-01T17:23:54.379368+00:00,https://polymarket.com/event/new-hampshire-republican-senate-primary-winner-296,John E. Sununu,100.0,0.9755,John E. Sununu,True,2026-09-13T20:20:51.702947+00:00
https://polymarket.com/event/rhode-island-republican-senate-primary-winner,Rhode Island Republican Senate Primary Winner,elections,2026-09-01T17:23:54.379506+00:00,https://polymarket.com/event/rhode-island-republican-senate-primary-winner,Raymond McKay,100.0,0.9755,Raymond McKay,True,2026-09-13T20:20:51.896084+00:00
https://polymarket.com/event/new-hampshire-governor-republican-primary-winner,New Hampshire Governor Republican Primary Winner,elections,2026-09-01T17:23:54.379654+00:00,https://polymarket.com/event/new-hampshire-governor-republican-primary-winner,Kelly Ayotte,100.0,0.981,Kelly Ayotte,True,2026-09-13T20:20:51.920943+00:00
https://polymarket.com/event/new-hampshire-governor-democratic-primary-winner,New Hampshire Governor Democratic Primary Winner,elections,2026-09-01T17:23:54.379762+00:00,https://polymarket.com/event/new-hampshire-governor-democratic-primary-winner,Cinde Warmington,100.0,0.9855,Cinde Warmington,True,2026-09-13T20:20:51.949556+00:00
https://polymarket.com/event/rhode-island-governor-democratic-primary-winner,Rhode Island Governor Democratic Primary Winner,elections,2026-09-01T17:23:54.379855+00:00,https://polymarket.com/event/rhode-island-governor-democratic-primary-winner,Helena Foulkes,100.0,0.99,Helena Foulkes,True,2026-09-13T20:20:52.148332+00:00
https://polymarket.com/event/rhode-island-governor-republican-primary-winner,Rhode Island Governor Republican Primary Winner,elections,2026-09-01T17:23:54.379955+00:00,https://polymarket.com/event/rhode-island-governor-republican-primary-winner,Elaine Pelino,95.55,0.91,Aaron Guckian,False,2026-09-20T20:20:54.108193+00:00
https://polymarket.com/event/nh-01-republican-primary-winner,NH-01 Republican Primary Winner,boe,2026-09-01T17:23:54.380066+00:00,https://polymarket.com/event/nh-01-republican-primary-winner,Anthony DiLorenzo,78.22,0.745,Anthony DiLorenzo,True,2026-09-13T20:20:52.524414+00:00
https://polymarket.com/event/will-us-crude-oil-reserves-fall-to-by-august-28-20260714142248732,Will US crude oil reserves fall to __ by August 28?,commodities,2026-09-02T17:23:20.992594+00:00,https://polymarket.com/event/will-us-crude-oil-reserves-fall-to-by-august-28-20260714142248732,285M,35.0,0.0115,300M,False,2026-09-02T18:52:58.578147+00:00
https://polymarket.com/event/avgo-quarterly-earnings-nongaap-eps-09-02-2026-3pt24,Will Broadcom (AVGO) beat quarterly earnings?,stocks,2026-09-02T18:56:17.751354+00:00,https://polymarket.com/event/avgo-quarterly-earnings-nongaap-eps-09-02-2026-3pt24,Will Broadcom (AVGO) beat quarterly earnings?,100.0,0.9775,Yes,False,2026-09-06T18:11:10.407744+00:00
https://polymarket.com/event/snow-quarterly-earnings-nongaap-eps-09-02-2026-0pt45,Will Snowflake (SNOW) beat quarterly earnings?,stocks,2026-09-02T18:56:17.751693+00:00,https://polymarket.com/event/snow-quarterly-earnings-nongaap-eps-09-02-2026-0pt45,Will Snowflake (SNOW) beat quarterly earnings?,100.0,0.959,Yes,False,2026-09-06T18:11:10.630109+00:00
https://polymarket.com/event/hpe-quarterly-earnings-nongaap-eps-09-02-2026-0pt93,Will Hewlett Packard Enterprise (HPE) beat quarterly earnings?,stocks,2026-09-02T18:56:17.751905+00:00,https://polymarket.com/event/hpe-quarterly-earnings-nongaap-eps-09-02-2026-0pt93,Will Hewlett Packard Enterprise (HPE) beat quarterly earnings?,99.75,0.95,Yes,False,2026-09-06T18:11:10.824677+00:00
https://polymarket.com/event/aeo-quarterly-earnings-gaap-eps-09-02-2026-0pt21,Will American Eagle Outfitters (AEO) beat quarterly earnings?,stocks,2026-09-02T18:56:17.752102+00:00,https://polymarket.com/event/aeo-quarterly-earnings-gaap-eps-09-02-2026-0pt21,Will American Eagle Outfitters (AEO) beat quarterly earnings?,95.55,0.91,Yes,False,2026-09-13T20:20:52.728510+00:00
https://polymarket.com/event/cpb-quarterly-earnings-nongaap-eps-09-03-2026-0pt39,Will Campbell's (CPB) beat quarterly earnings?,stocks,2026-09-02T18:56:17.752278+00:00,https://polymarket.com/event/cpb-quarterly-earnings-nongaap-eps-09-03-2026-0pt39,Will Campbell's (CPB) beat quarterly earnings?,93.45,0.89,No,False,2026-09-06T18:11:11.056601+00:00
https://polymarket.com/event/iot-quarterly-earnings-nongaap-eps-09-03-2026-0pt16,Will Samsara (IOT) beat quarterly earnings?,stocks,2026-09-02T18:56:17.752464+00:00,https://polymarket.com/event/iot-quarterly-earnings-nongaap-eps-09-03-2026-0pt16,Will Samsara (IOT) beat quarterly earnings?,100.0,0.96,Yes,False,2026-09-06T18:11:11.249885+00:00
https://polymarket.com/event/lulu-quarterly-earnings-gaap-eps-09-03-2026-1pt79,Will lululemon athletica (LULU) beat quarterly earnings?,stocks,2026-09-02T18:56:17.752648+00:00,https://polymarket.com/event/lulu-quarterly-earnings-gaap-eps-09-03-2026-1pt79,Will lululemon athletica (LULU) beat quarterly earnings?,98.18,0.935,Yes,False,2026-09-06T18:11:11.444347+00:00
https://polymarket.com/event/docu-quarterly-earnings-nongaap-eps-09-03-2026-1pt09,Will Docusign (DOCU) beat quarterly earnings?,stocks,2026-09-02T18:56:17.752853+00:00,https://polymarket.com/event/docu-quarterly-earnings-nongaap-eps-09-03-2026-1pt09,Will Docusign (DOCU) beat quarterly earnings?,100.0,0.9905,Yes,False,2026-09-06T18:11:11.873134+00:00
https://polymarket.com/event/asan-quarterly-earnings-nongaap-eps-09-03-2026-0pt09,Will Asana (ASAN) beat quarterly earnings?,stocks,2026-09-02T18:56:17.753027+00:00,https://polymarket.com/event/asan-quarterly-earnings-nongaap-eps-09-03-2026-0pt09,Will Asana (ASAN) beat quarterly earnings?,98.18,0.935,Yes,False,2026-09-06T18:11:12.055381+00:00
https://polymarket.com/event/swbi-quarterly-earnings-nongaap-eps-09-03-2026-neg0pt05,Will Smith & Wesson (SWBI) beat quarterly earnings?,stocks,2026-09-02T18:56:17.753200+00:00,https://polymarket.com/event/swbi-quarterly-earnings-nongaap-eps-09-03-2026-neg0pt05,Will Smith & Wesson (SWBI) beat quarterly earnings?,70.35,0.67,Yes,False,2026-09-06T18:11:12.291725+00:00
https://polymarket.com/event/august-inflation-china-annual,August Inflation China - Annual,cpi,2026-09-03T17:24:37.508973+00:00,https://polymarket.com/event/august-inflation-china-annual,0.5% - 0.6%,44.1,0.42,0.7% - 0.8%,False,2026-09-13T20:20:52.899736+00:00
https://polymarket.com/event/rhode-island-attorney-general-democratic-primary-winner,Rhode Island Attorney General Democratic Primary Winner,elections,2026-09-03T17:24:37.509190+00:00,https://polymarket.com/event/rhode-island-attorney-general-democratic-primary-winner,Kim Ahern,90.83,0.865,Kim Ahern,True,2026-09-13T20:20:53.072598+00:00
https://polymarket.com/event/ri-02-republican-primary-winner,RI-02 Republican Primary Winner,elections,2026-09-03T17:24:37.509377+00:00,https://polymarket.com/event/ri-02-republican-primary-winner,Stephen Skoly,83.48,0.795,Victor Mellor,False,2026-09-13T20:20:53.248384+00:00
https://polymarket.com/event/ecb-interest-rates-september-2026-20260616222636097,ECB Interest Rates: September 2026,ecb,2026-09-03T17:24:37.509480+00:00,https://polymarket.com/event/ecb-interest-rates-september-2026-20260616222636097,25 bps increase,100.0,0.9925,25 bps increase,True,2026-09-13T20:20:53.287333+00:00
https://polymarket.com/event/argentina-monthly-inflation-august-20260814110157100,Argentina Monthly Inflation - August,cpi,2026-09-03T17:24:37.509660+00:00,https://polymarket.com/event/argentina-monthly-inflation-august-20260814110157100,1.5-1.7%,57.07,0.5435,1.5-1.7%,True,2026-09-13T20:20:53.510855+00:00
https://polymarket.com/event/august-inflation-us-monthly-1786474662954,August Inflation US - Monthly,cpi,2026-09-04T18:43:51.019296+00:00,https://polymarket.com/event/august-inflation-us-monthly-1786474662954,0.4%,48.83,0.465,0.4%,True,2026-09-13T20:20:53.535579+00:00
https://polymarket.com/event/august-inflation-us-annual-1786474662954,August Inflation US - Annual,cpi,2026-09-04T18:43:51.302845+00:00,https://polymarket.com/event/august-inflation-us-annual-1786474662954,3.4%,67.02,0.415,3.4%,True,2026-09-13T20:20:53.702646+00:00
https://polymarket.com/event/core-cpi-mom-august-2026-1786474662954,Core CPI MoM - August 2026,cpi,2026-09-04T18:43:51.796797+00:00,https://polymarket.com/event/core-cpi-mom-august-2026-1786474662954,0.2%,70.0,0.505,0.3%,False,2026-09-13T20:20:53.725833+00:00
https://polymarket.com/event/core-cpi-yoy-august-2026-1786474662954,Core CPI YoY - August 2026,cpi,2026-09-04T18:43:52.027129+00:00,https://polymarket.com/event/core-cpi-yoy-august-2026-1786474662954,2.4%,69.47,0.485,2.4%,True,2026-09-13T20:20:53.910715+00:00
https://polymarket.com/event/okinawa-governor-election-winner-2026,Okinawa Governor Election Winner,elections,2026-09-07T20:33:51.703248+00:00,https://polymarket.com/event/okinawa-governor-election-winner-2026,Genta Koja,70.88,0.675,Genta Koja,True,2026-09-13T20:20:54.161693+00:00
https://polymarket.com/event/pro-football-jets-week-1-starting-qb,Pro Football: Jets Week 1 Starting QB,boe,2026-09-07T20:33:51.703364+00:00,https://polymarket.com/event/pro-football-jets-week-1-starting-qb,Bailey Zappe,35.0,0.002,Geno Smith,False,2026-09-20T20:20:54.300609+00:00
https://polymarket.com/event/casy-quarterly-earnings-gaap-eps-09-08-2026-6pt75,Will Casey's General Stores (CASY) beat quarterly earnings?,stocks,2026-09-08T19:54:08.806062+00:00,https://polymarket.com/event/casy-quarterly-earnings-gaap-eps-09-08-2026-6pt75,Will Casey's General Stores (CASY) beat quarterly earnings?,94.5,0.9,Yes,False,2026-09-13T20:20:54.558228+00:00
https://polymarket.com/event/brze-quarterly-earnings-nongaap-eps-09-08-2026-0pt15,Will Braze (BRZE) beat quarterly earnings?,stocks,2026-09-08T19:54:08.806301+00:00,https://polymarket.com/event/brze-quarterly-earnings-nongaap-eps-09-08-2026-0pt15,Will Braze (BRZE) beat quarterly earnings?,36.75,0.35,Yes,False,2026-09-13T20:20:54.800570+00:00
https://polymarket.com/event/aso-quarterly-earnings-nongaap-eps-09-01-2026-2pt1,Will Academy Sports (ASO) beat quarterly earnings?,stocks,2026-09-08T19:54:08.806458+00:00,https://polymarket.com/event/aso-quarterly-earnings-nongaap-eps-09-01-2026-2pt1,Will Academy Sports (ASO) beat quarterly earnings?,51.45,0.49,Yes,False,2026-09-13T20:20:55.019483+00:00
https://polymarket.com/event/chwy-quarterly-earnings-nongaap-eps-09-09-2026-0pt36,Will Chewy (CHWY) beat quarterly earnings?,stocks,2026-09-08T19:54:08.806599+00:00,https://polymarket.com/event/chwy-quarterly-earnings-nongaap-eps-09-09-2026-0pt36,Will Chewy (CHWY) beat quarterly earnings?,50.92,0.485,No,False,2026-09-13T20:20:55.254801+00:00
https://polymarket.com/event/orcl-quarterly-earnings-nongaap-eps-09-08-2026-1pt74,Will Oracle (ORCL) beat quarterly earnings?,stocks,2026-09-08T19:54:08.807550+00:00,https://polymarket.com/event/orcl-quarterly-earnings-nongaap-eps-09-08-2026-1pt74,Will Oracle (ORCL) beat quarterly earnings?,91.88,0.875,Yes,False,2026-09-13T20:20:55.462731+00:00
https://polymarket.com/event/delaware-democratic-senate-primary-winner,Delaware Democratic Senate Primary Winner,elections,2026-09-08T19:54:09.858440+00:00,https://polymarket.com/event/delaware-democratic-senate-primary-winner,Chris Coons,100.0,0.9905,Chris Coons,True,2026-09-20T20:20:54.516514+00:00
https://polymarket.com/event/delaware-republican-senate-primary-winner,Delaware Republican Senate Primary Winner,elections,2026-09-08T19:54:09.858583+00:00,https://polymarket.com/event/delaware-republican-senate-primary-winner,Michael Katz,98.7,0.94,Michael Katz,True,2026-09-20T20:20:54.702945+00:00
https://polymarket.com/event/fed-decisions-jun-sep,Fed decisions (Jun-Sep),fed,2026-09-09T19:45:33.634813+00:00,https://polymarket.com/event/fed-decisions-jun-sep,Other,56.7,0.54,Other,True,2026-09-20T20:20:54.883380+00:00
https://polymarket.com/event/fed-decision-in-september-762,Fed Decision in September?,fed,2026-09-09T19:45:33.635005+00:00,https://polymarket.com/event/fed-decision-in-september-762,25 bps increase,56.18,0.535,25 bps increase,True,2026-09-20T20:20:54.950733+00:00
https://polymarket.com/event/how-many-dissent-at-the-september-fed-meeting,How many dissent at the September Fed meeting?,fed,2026-09-10T19:40:35.672560+00:00,https://polymarket.com/event/how-many-dissent-at-the-september-fed-meeting,3,35.0,0.305,0,False,2026-09-20T20:20:54.983135+00:00
https://polymarket.com/event/bank-of-england-decision-in-september-20260623013317237,Bank of England decision in September?,boe,2026-09-11T19:40:59.630453+00:00,https://polymarket.com/event/bank-of-england-decision-in-september-20260623013317237,No change,100.0,0.9585,No change,True,2026-09-20T20:20:55.020338+00:00
https://polymarket.com/event/bank-of-japan-decision-in-september-20260616002734979,Bank of Japan Decision in September?,central_banks_other,2026-09-11T19:40:59.630505+00:00,https://polymarket.com/event/bank-of-japan-decision-in-september-20260616002734979,25 bps increase,100.0,0.983,25 bps increase,True,2026-09-20T20:20:55.250164+00:00
https://polymarket.com/event/south-african-reserve-bank-decision-in-september-20260723230203732,South African Reserve Bank Decision in September?,central_banks_other,2026-09-17T20:19:30.738225+00:00,https://polymarket.com/event/south-african-reserve-bank-decision-in-september-20260723230203732,Increase,86.1,0.82,Increase,True,2026-09-27T20:54:09.623499+00:00
https://polymarket.com/event/bank-of-mexico-decision-in-september-20260623015231258,Bank of Mexico Decision in September?,central_banks_other,2026-09-18T19:34:48.751772+00:00,https://polymarket.com/event/bank-of-mexico-decision-in-september-20260623015231258,No change,100.0,0.9685,No change,True,2026-09-27T20:54:09.731419+00:00
https://polymarket.com/event/kbh-quarterly-earnings-gaap-eps-09-22-2026-0pt90,Will KB Home (KBH) beat quarterly earnings?,stocks,2026-09-22T20:11:34.555208+00:00,https://polymarket.com/event/kbh-quarterly-earnings-gaap-eps-09-22-2026-0pt90,Will KB Home (KBH) beat quarterly earnings?,84.0,0.8,Yes,False,2026-09-27T20:54:09.835746+00:00
https://polymarket.com/event/ctas-quarterly-earnings-gaap-eps-09-23-2026-1pt37,Will Cintas (CTAS) beat quarterly earnings?,stocks,2026-09-22T20:11:34.555493+00:00,https://polymarket.com/event/ctas-quarterly-earnings-gaap-eps-09-23-2026-1pt37,Will Cintas (CTAS) beat quarterly earnings?,50.4,0.48,No,False,2026-09-27T20:54:09.972787+00:00
https://polymarket.com/event/payx-quarterly-earnings-nongaap-eps-09-23-2026-1pt35,Will Paychex (PAYX) beat quarterly earnings?,stocks,2026-09-22T20:11:34.555711+00:00,https://polymarket.com/event/payx-quarterly-earnings-nongaap-eps-09-23-2026-1pt35,Will Paychex (PAYX) beat quarterly earnings?,47.78,0.455,No,False,2026-09-27T20:54:10.102482+00:00
https://polymarket.com/event/cost-quarterly-earnings-gaap-eps-09-24-2026-6pt69,Will Costco (COST) beat quarterly earnings?,stocks,2026-09-22T20:11:34.556074+00:00,https://polymarket.com/event/cost-quarterly-earnings-gaap-eps-09-24-2026-6pt69,Will Costco (COST) beat quarterly earnings?,74.55,0.71,Yes,False,2026-09-27T20:54:10.292487+00:00
https://polymarket.com/event/reserve-bank-of-australia-decision-in-september-20260729163823944,Reserve Bank of Australia Decision in September,central_banks_other,2026-09-22T20:11:34.556282+00:00,https://polymarket.com/event/reserve-bank-of-australia-decision-in-september-20260729163823944,25 bps increase,100.0,0.96,25 bps increase,True,2026-10-04T20:53:52.808066+00:00
https://polymarket.com/event/canada-gdp-july-2026-mom,Canada GDP: July 2026 (MoM),gdp,2026-09-22T20:11:34.556450+00:00,https://polymarket.com/event/canada-gdp-july-2026-mom,0.0 to 0.1%,59.32,0.565,0.0 to 0.1%,True,2026-10-04T20:53:52.848783+00:00
https://polymarket.com/event/swiss-national-bank-decision-in-september,Swiss National Bank decision in September?,central_banks_other,2026-09-23T20:19:54.391373+00:00,https://polymarket.com/event/swiss-national-bank-decision-in-september,No Change,100.0,0.9965,No Change,True,2026-09-27T20:54:10.634237+00:00
https://polymarket.com/event/core-pce-mom-august-2026-20260826182127,Core PCE MoM - August 2026,pce,2026-09-23T20:19:54.766637+00:00,https://polymarket.com/event/core-pce-mom-august-2026-20260826182127,0.3%,72.97,0.695,0.2%,False,2026-10-04T20:53:52.996535+00:00
https://polymarket.com/event/core-pce-yoy-august-2026-20260826182127,Core PCE YoY - August 2026,pce,2026-09-23T20:19:55.371809+00:00,https://polymarket.com/event/core-pce-yoy-august-2026-20260826182127,3.4%,52.56,0.345,≤3.0%,False,2026-10-04T20:53:53.135047+00:00
https://polymarket.com/event/peoples-bank-of-china-rate-change-by-september-30-20260630000252021,People's Bank of China rate change by September 30?,central_banks_other,2026-09-23T20:19:55.371992+00:00,https://polymarket.com/event/peoples-bank-of-china-rate-change-by-september-30-20260630000252021,No Change,100.0,0.992,No Change,True,2026-10-04T20:53:53.286376+00:00
https://polymarket.com/event/bitcoin-all-time-high-by,Bitcoin all time high by ___?,crypto,2026-09-24T20:29:34.781835+00:00,https://polymarket.com/event/bitcoin-all-time-high-by,"September 30, 2026",35.0,0.0045,,,2026-10-04T20:53:53.429625+00:00
https://polymarket.com/event/ethereum-all-time-high-by,Ethereum all time high by ___?,crypto,2026-09-24T20:29:34.781885+00:00,https://polymarket.com/event/ethereum-all-time-high-by,"September 30, 2026",35.0,0.0015,,,2026-10-04T20:53:53.737109+00:00
https://polymarket.com/event/crude-oil-all-time-high-by,Crude Oil all time high by...?,commodities,2026-09-24T20:29:34.781981+00:00,https://polymarket.com/event/crude-oil-all-time-high-by,September 30,35.0,0.0035,,,2026-10-04T20:53:53.782776+00:00
https://polymarket.com/event/us-announces-cuba-oil-sanction-relief-by-june-30,US announces Cuba oil sanction relief by...?,commodities,2026-09-24T20:29:34.782042+00:00,https://polymarket.com/event/us-announces-cuba-oil-sanction-relief-by-june-30,September 30,35.0,0.25,,,2026-10-04T20:53:53.934525+00:00
https://polymarket.com/event/will-the-senate-pass-another-reconciliation-bill-byptptpt-20260626182134623,Will the Senate pass another reconciliation bill by...?,elections,2026-09-24T20:29:34.782233+00:00,https://polymarket.com/event/will-the-senate-pass-another-reconciliation-bill-byptptpt-20260626182134623,September 30,35.0,0.041,,,2026-10-04T20:53:54.066485+00:00
https://polymarket.com/event/will-the-us-senate-pass-at-least-20-billion-in-supplemental-war-funding-by-september-30-20260626210022880,Will the US Senate pass at least $20 billion in supplemental War Funding by September 30?,elections,2026-09-24T20:29:34.782340+00:00,https://polymarket.com/event/will-the-us-senate-pass-at-least-20-billion-in-supplemental-war-funding-by-september-30-20260626210022880,Will the US Senate pass at least $20 billion in supplemental War Funding by September 30?,35.0,0.102,No,False,2026-10-04T20:53:54.204927+00:00
https://polymarket.com/event/lisa-cook-officially-out-as-fed-governor-byptptpt-20260807214943167,Lisa Cook officially out as Fed Governor by...?,fed,2026-09-24T20:29:34.782423+00:00,https://polymarket.com/event/lisa-cook-officially-out-as-fed-governor-byptptpt-20260807214943167,September 30,35.0,0.0015,,,2026-10-04T20:53:54.357316+00:00
https://polymarket.com/event/rio-grande-do-sul-governor-election-winner,Rio Grande do Sul Governor Election Winner,elections,2026-09-27T20:08:15.800338+00:00,https://polymarket.com/event/rio-grande-do-sul-governor-election-winner,Luciano Zucco,77.7,0.74,,,2026-10-04T20:53:54.419318+00:00
https://polymarket.com/event/minas-gerais-governor-election-winner,Minas Gerais Governor Election Winner,elections,2026-09-27T20:08:15.800500+00:00,https://polymarket.com/event/minas-gerais-governor-election-winner,Cleitinho Azevedo,93.08,0.8865,,,2026-10-04T20:53:54.490055+00:00
https://polymarket.com/event/alagoas-governor-election-winner,Alagoas Governor Election Winner,elections,2026-09-27T20:08:15.800670+00:00,https://polymarket.com/event/alagoas-governor-election-winner,JHC,80.33,0.765,,,2026-10-04T20:53:54.548720+00:00
https://polymarket.com/event/amazonas-governor-election-winner,Amazonas Governor Election Winner,elections,2026-09-27T20:08:15.800820+00:00,https://polymarket.com/event/amazonas-governor-election-winner,Omar Aziz,56.7,0.54,,,2026-10-04T20:53:54.605759+00:00
https://polymarket.com/event/amapa-governor-election-winner,Amapá Governor Election Winner,elections,2026-09-27T20:08:15.801016+00:00,https://polymarket.com/event/amapa-governor-election-winner,Dr. Furlan,59.85,0.57,,,2026-10-04T20:53:54.650244+00:00
https://polymarket.com/event/piaui-governor-election-winner,Piauí Governor Election Winner,elections,2026-09-27T20:08:15.801239+00:00,https://polymarket.com/event/piaui-governor-election-winner,Rafael Fonteles,100.0,0.9825,,,2026-10-04T20:53:54.844480+00:00
https://polymarket.com/event/federal-district-governor-election-winner,Federal District Governor Election Winner,elections,2026-09-27T20:08:15.801457+00:00,https://polymarket.com/event/federal-district-governor-election-winner,Celina Leão,98.18,0.935,,,2026-10-04T20:53:55.006584+00:00
https://polymarket.com/event/amazonas-senate-election-2nd-place,Amazonas Senate Election: 2nd Place,elections,2026-09-27T20:08:15.801655+00:00,https://polymarket.com/event/amazonas-senate-election-2nd-place,Evandro de Oliveira,35.0,0.0005,,,2026-10-04T20:53:55.051611+00:00
https://polymarket.com/event/goias-senate-election-2nd-place,Goiás Senate Election: 2nd Place,elections,2026-09-27T20:08:15.801856+00:00,https://polymarket.com/event/goias-senate-election-2nd-place,Gustavo Gayer,65.1,0.62,,,2026-10-04T20:53:55.199429+00:00
https://polymarket.com/event/minas-gerais-senate-election-2nd-place,Minas Gerais Senate Election: 2nd Place,elections,2026-09-27T20:08:15.802148+00:00,https://polymarket.com/event/minas-gerais-senate-election-2nd-place,Carlos Viana,35.0,0.33,,,2026-10-04T20:53:55.269907+00:00
https://polymarket.com/event/pernambuco-senate-election-1st-place,Pernambuco Senate Election: 1st Place,elections,2026-09-27T20:08:15.802390+00:00,https://polymarket.com/event/pernambuco-senate-election-1st-place,Marília Arraes,79.28,0.755,,,2026-10-04T20:53:55.411152+00:00
https://polymarket.com/event/rio-de-janeiro-senate-election-1st-place,Rio de Janeiro Senate Election: 1st Place,elections,2026-09-27T20:08:15.802661+00:00,https://polymarket.com/event/rio-de-janeiro-senate-election-1st-place,Carlos Jordy,35.0,0.235,,,2026-10-04T20:53:55.564434+00:00
https://polymarket.com/event/rondonia-senate-election-1st-place,Rondônia Senate Election: 1st Place,elections,2026-09-27T20:08:15.802902+00:00,https://polymarket.com/event/rondonia-senate-election-1st-place,Aires Mota,35.0,0.0025,,,2026-10-04T20:53:55.710560+00:00
https://polymarket.com/event/sao-paulo-senate-election-1st-place,São Paulo Senate Election: 1st Place,elections,2026-09-27T20:08:15.803176+00:00,https://polymarket.com/event/sao-paulo-senate-election-1st-place,Guilherme Derrite,71.4,0.68,,,2026-10-04T20:53:55.777924+00:00
https://polymarket.com/event/tocantins-senate-election-1st-place,Tocantins Senate Election: 1st Place,elections,2026-09-27T20:08:15.803386+00:00,https://polymarket.com/event/tocantins-senate-election-1st-place,Apóstolo Flavio Braga,35.0,0.0005,,,2026-10-04T20:53:55.942773+00:00
https://polymarket.com/event/pernambuco-senate-election-2nd-place,Pernambuco Senate Election: 2nd Place,elections,2026-09-27T20:08:15.803595+00:00,https://polymarket.com/event/pernambuco-senate-election-2nd-place,Túlio Gadêlha,35.0,0.0285,,,2026-10-04T20:53:56.004170+00:00
https://polymarket.com/event/rio-de-janeiro-senate-election-2nd-place,Rio de Janeiro Senate Election: 2nd Place,elections,2026-09-27T20:08:15.803860+00:00,https://polymarket.com/event/rio-de-janeiro-senate-election-2nd-place,Carlos Jordy,35.0,0.245,,,2026-10-04T20:53:56.156221+00:00
https://polymarket.com/event/sao-paulo-senate-election-2nd-place,São Paulo Senate Election: 2nd Place,elections,2026-09-27T20:08:15.804195+00:00,https://polymarket.com/event/sao-paulo-senate-election-2nd-place,Marina Silva,35.0,0.105,,,2026-10-04T20:53:56.201697+00:00
https://polymarket.com/event/parana-governor-election-winner-20260608205118343,Paraná Governor Election Winner,elections,2026-09-28T22:32:10.500159+00:00,https://polymarket.com/event/parana-governor-election-winner-20260608205118343,Sergio Moro,86.62,0.825,,,2026-10-04T20:53:56.263383+00:00
https://polymarket.com/event/rio-de-janeiro-governor-election-winner-20260608202949176,Rio de Janeiro Governor Election Winner,elections,2026-09-28T22:32:10.500431+00:00,https://polymarket.com/event/rio-de-janeiro-governor-election-winner-20260608202949176,Eduardo Paes,90.3,0.86,,,2026-10-04T20:53:56.305929+00:00
https://polymarket.com/event/acre-senate-election-1st-place,Acre Senate Election: 1st Place,elections,2026-09-28T22:32:10.500651+00:00,https://polymarket.com/event/acre-senate-election-1st-place,Marcio Bittar,39.9,0.38,,,2026-10-04T20:53:56.368833+00:00
https://polymarket.com/event/acre-senate-election-2nd-place,Acre Senate Election: 2nd Place,elections,2026-09-28T22:32:10.500892+00:00,https://polymarket.com/event/acre-senate-election-2nd-place,Mara Rocha,38.85,0.37,,,2026-10-04T20:53:56.432810+00:00
https://polymarket.com/event/alagoas-senate-election-1st-place,Alagoas Senate Election: 1st Place,elections,2026-09-28T22:32:10.501106+00:00,https://polymarket.com/event/alagoas-senate-election-1st-place,Marina JHC,45.78,0.436,,,2026-10-04T20:53:56.493285+00:00
https://polymarket.com/event/amazonas-senate-election-1st-place,Amazonas Senate Election: 1st Place,elections,2026-09-28T22:32:10.501333+00:00,https://polymarket.com/event/amazonas-senate-election-1st-place,Eduardo Braga,82.42,0.785,,,2026-10-04T20:53:56.554044+00:00
https://polymarket.com/event/amapa-senate-election-2nd-place,Amapá Senate Election: 2nd Place,elections,2026-09-28T22:32:10.501552+00:00,https://polymarket.com/event/amapa-senate-election-2nd-place,Randolfe,35.18,0.335,,,2026-10-04T20:53:56.614368+00:00
https://polymarket.com/event/amapa-senate-election-1st-place,Amapá Senate Election: 1st Place,elections,2026-09-28T22:32:10.501762+00:00,https://polymarket.com/event/amapa-senate-election-1st-place,Rayssa Furlan,89.25,0.85,,,2026-10-04T20:53:56.694360+00:00
https://polymarket.com/event/bahia-senate-election-2nd-place,Bahia Senate Election: 2nd Place,elections,2026-09-28T22:32:10.501991+00:00,https://polymarket.com/event/bahia-senate-election-2nd-place,Jaques Wagner,72.97,0.695,,,2026-10-04T20:53:56.837589+00:00
https://polymarket.com/event/bahia-senate-election-1st-place,Bahia Senate Election: 1st Place,elections,2026-09-28T22:32:10.502224+00:00,https://polymarket.com/event/bahia-senate-election-1st-place,Rui Costa,86.62,0.825,,,2026-10-04T20:53:57.023801+00:00
https://polymarket.com/event/ceara-senate-election-1st-place,Ceará Senate Election: 1st Place,elections,2026-09-28T22:32:10.502453+00:00,https://polymarket.com/event/ceara-senate-election-1st-place,Cid Gomes,77.18,0.735,,,2026-10-04T20:53:57.183932+00:00
https://polymarket.com/event/ceara-senate-election-2nd-place,Ceará Senate Election: 2nd Place,elections,2026-09-28T22:32:10.502682+00:00,https://polymarket.com/event/ceara-senate-election-2nd-place,Capitão Wagner,46.2,0.44,,,2026-10-04T20:53:57.334312+00:00
https://polymarket.com/event/federal-district-senate-election-2nd-place,Federal District Senate Election: 2nd Place,elections,2026-09-28T22:32:10.502950+00:00,https://polymarket.com/event/federal-district-senate-election-2nd-place,Bia Kicis,73.66,0.7015,,,2026-10-04T20:53:57.395057+00:00
https://polymarket.com/event/espirito-santo-senate-election-1st-place,Espírito Santo Senate Election: 1st Place,elections,2026-09-28T22:32:10.503169+00:00,https://polymarket.com/event/espirito-santo-senate-election-1st-place,Rodney Miranda,35.0,0.024,,,2026-10-04T20:53:57.566249+00:00
https://polymarket.com/event/espirito-santo-senate-election-2nd-place,Espírito Santo Senate Election: 2nd Place,elections,2026-09-28T22:32:10.503363+00:00,https://polymarket.com/event/espirito-santo-senate-election-2nd-place,Maguinha Malta,35.0,0.1675,,,2026-10-04T20:53:57.719487+00:00
https://polymarket.com/event/goias-senate-election-1st-place,Goiás Senate Election: 1st Place,elections,2026-09-28T22:32:10.503544+00:00,https://polymarket.com/event/goias-senate-election-1st-place,Dr. Zacharias Calil,35.0,0.011,,,2026-10-04T20:53:57.782771+00:00
https://polymarket.com/event/maranhao-senate-election-2nd-place,Maranhão Senate Election: 2nd Place,elections,2026-09-28T22:32:10.503799+00:00,https://polymarket.com/event/maranhao-senate-election-2nd-place,Fufuca,35.0,0.275,,,2026-10-04T20:53:57.930119+00:00
https://polymarket.com/event/maranhao-senate-election-1st-place,Maranhão Senate Election: 1st Place,elections,2026-09-28T22:32:10.504033+00:00,https://polymarket.com/event/maranhao-senate-election-1st-place,Roseana Sarney,64.58,0.615,,,2026-10-04T20:53:58.071758+00:00
https://polymarket.com/event/minas-gerais-senate-election-1st-place,Minas Gerais Senate Election: 1st Place,elections,2026-09-28T22:32:10.504252+00:00,https://polymarket.com/event/minas-gerais-senate-election-1st-place,Carlos Viana,35.0,0.2525,,,2026-10-04T20:53:58.113109+00:00
https://polymarket.com/event/mato-grosso-do-sul-senate-election-2nd-place,Mato Grosso do Sul Senate Election: 2nd Place,elections,2026-09-28T22:32:10.504499+00:00,https://polymarket.com/event/mato-grosso-do-sul-senate-election-2nd-place,Capitão Contar,62.48,0.595,,,2026-10-04T20:53:58.257341+00:00
https://polymarket.com/event/mato-grosso-do-sul-senate-election-1st-place,Mato Grosso do Sul Senate Election: 1st Place,elections,2026-09-28T22:32:10.504669+00:00,https://polymarket.com/event/mato-grosso-do-sul-senate-election-1st-place,Luiz Lemes,35.0,0.0065,,,2026-10-04T20:53:58.397260+00:00
https://polymarket.com/event/mato-grosso-senate-election-2nd-place,Mato Grosso Senate Election: 2nd Place,elections,2026-09-28T22:32:10.504934+00:00,https://polymarket.com/event/mato-grosso-senate-election-2nd-place,Janaina Riva,76.65,0.73,,,2026-10-04T20:53:58.543900+00:00
https://polymarket.com/event/mato-grosso-senate-election-1st-place,Mato Grosso Senate Election: 1st Place,elections,2026-09-28T22:32:10.505153+00:00,https://polymarket.com/event/mato-grosso-senate-election-1st-place,Janaina Riva,35.0,0.099,,,2026-10-04T20:53:58.682370+00:00
https://polymarket.com/event/para-senate-election-1st-place,Pará Senate Election: 1st Place,elections,2026-09-28T22:32:10.505390+00:00,https://polymarket.com/event/para-senate-election-1st-place,Helder,89.78,0.855,,,2026-10-04T20:53:58.753038+00:00
https://polymarket.com/event/piaui-senate-election-1st-place,Piauí Senate Election: 1st Place,elections,2026-09-28T22:32:10.505670+00:00,https://polymarket.com/event/piaui-senate-election-1st-place,Marcelo Castro,58.8,0.56,,,2026-10-04T20:53:58.888722+00:00
https://polymarket.com/event/parana-senate-election-1st-place,Paraná Senate Election: 1st Place,elections,2026-09-28T22:32:10.505883+00:00,https://polymarket.com/event/parana-senate-election-1st-place,Deltan Dallagnol,40.43,0.385,,,2026-10-04T20:53:58.942392+00:00
https://polymarket.com/event/rio-grande-do-norte-senate-election-1st-place,Rio Grande do Norte Senate Election: 1st Place,elections,2026-09-28T22:32:10.506131+00:00,https://polymarket.com/event/rio-grande-do-norte-senate-election-1st-place,Styvenson Valentim,85.05,0.81,,,2026-10-04T20:53:59.088564+00:00
https://polymarket.com/event/roraima-senate-election-1st-place,Roraima Senate Election: 1st Place,elections,2026-09-28T22:32:10.506375+00:00,https://polymarket.com/event/roraima-senate-election-1st-place,Teresa Surita,63.52,0.605,,,2026-10-04T20:53:59.387007+00:00
https://polymarket.com/event/rio-grande-do-sul-senate-election-1st-place,Rio Grande do Sul Senate Election: 1st Place,elections,2026-09-28T22:32:10.506627+00:00,https://polymarket.com/event/rio-grande-do-sul-senate-election-1st-place,Marcel Van Hattem,78.22,0.745,,,2026-10-04T20:53:59.444144+00:00
https://polymarket.com/event/santa-catarina-senate-election-1st-place,Santa Catarina Senate Election: 1st Place,elections,2026-09-28T22:32:10.506836+00:00,https://polymarket.com/event/santa-catarina-senate-election-1st-place,Joaninha de Oliveira,35.0,0.0005,,,2026-10-04T20:53:59.498619+00:00
https://polymarket.com/event/sergipe-senate-election-1st-place,Sergipe Senate Election: 1st Place,elections,2026-09-28T22:32:10.507062+00:00,https://polymarket.com/event/sergipe-senate-election-1st-place,Rogerio Carvalho,38.54,0.367,,,2026-10-04T20:53:59.645882+00:00
https://polymarket.com/event/para-senate-election-2nd-place,Pará Senate Election: 2nd Place,elections,2026-09-28T22:32:10.507301+00:00,https://polymarket.com/event/para-senate-election-2nd-place,Delegado Éder Mauro,58.28,0.555,,,2026-10-04T20:53:59.803437+00:00
https://polymarket.com/event/paraiba-senate-election-2nd-place,Paraíba Senate Election: 2nd Place,elections,2026-09-28T22:32:10.507605+00:00,https://polymarket.com/event/paraiba-senate-election-2nd-place,Veneziano,58.8,0.56,,,2026-10-04T20:53:59.960864+00:00
https://polymarket.com/event/piaui-senate-election-2nd-place,Piauí Senate Election: 2nd Place,elections,2026-09-28T22:32:10.507900+00:00,https://polymarket.com/event/piaui-senate-election-2nd-place,Julio Cesar,47.67,0.454,,,2026-10-04T20:54:00.099945+00:00
https://polymarket.com/event/rio-grande-do-norte-senate-election-2nd-place,Rio Grande do Norte Senate Election: 2nd Place,elections,2026-09-28T22:32:10.508151+00:00,https://polymarket.com/event/rio-grande-do-norte-senate-election-2nd-place,Zenaide Maia,56.7,0.54,,,2026-10-04T20:54:00.166031+00:00
https://polymarket.com/event/rondonia-senate-election-2nd-place,Rondônia Senate Election: 2nd Place,elections,2026-09-28T22:32:10.508390+00:00,https://polymarket.com/event/rondonia-senate-election-2nd-place,Sílvia Cristina,40.95,0.39,,,2026-10-04T20:54:00.311608+00:00
https://polymarket.com/event/santa-catarina-senate-election-2nd-place,Santa Catarina Senate Election: 2nd Place,elections,2026-09-28T22:32:10.508634+00:00,https://polymarket.com/event/santa-catarina-senate-election-2nd-place,Carlos Bolsonaro,48.83,0.465,,,2026-10-04T20:54:00.445501+00:00
https://polymarket.com/event/sergipe-senate-election-2nd-place,Sergipe Senate Election: 2nd Place,elections,2026-09-28T22:32:10.508896+00:00,https://polymarket.com/event/sergipe-senate-election-2nd-place,Rogerio Carvalho,35.0,0.31,,,2026-10-04T20:54:00.582575+00:00
https://polymarket.com/event/tocantins-senate-election-2nd-place,Tocantins Senate Election: 2nd Place,elections,2026-09-28T22:32:10.509148+00:00,https://polymarket.com/event/tocantins-senate-election-2nd-place,Gaguim,49.61,0.4725,,,2026-10-04T20:54:00.723198+00:00
https://polymarket.com/event/so-paulo-governor-election-winner,São Paulo Governor Election Winner,elections,2026-09-29T21:23:46.778023+00:00,https://polymarket.com/event/so-paulo-governor-election-winner,Tarcísio de Freitas,100.0,0.9955,,,2026-10-04T20:54:00.768086+00:00
https://polymarket.com/event/bahia-governor-election-winner,Bahia Governor Election Winner,elections,2026-09-29T21:23:46.778397+00:00,https://polymarket.com/event/bahia-governor-election-winner,Jerônimo Rodrigues,58.28,0.555,,,2026-10-04T20:54:00.814601+00:00
https://polymarket.com/event/cear-governor-election-winner,Ceará Governor Election Winner,elections,2026-09-29T21:23:46.778696+00:00,https://polymarket.com/event/cear-governor-election-winner,Elmano de Freitas,70.35,0.67,,,2026-10-04T20:54:00.856563+00:00
https://polymarket.com/event/para-governor-election-winner-20260609154623298,Pará Governor Election Winner,elections,2026-09-29T21:23:46.779050+00:00,https://polymarket.com/event/para-governor-election-winner-20260609154623298,Hana Ghassan,58.28,0.555,,,2026-10-04T20:54:00.911614+00:00
https://polymarket.com/event/goias-governor-election-winner-20260609165823163,Goiás Governor Election Winner,elections,2026-09-29T21:23:46.779256+00:00,https://polymarket.com/event/goias-governor-election-winner-20260609165823163,Daniel Vilela,100.0,0.9805,,,2026-10-04T20:54:01.049301+00:00
https://polymarket.com/event/santa-catarina-governor-election-winner-20260609164309743,Santa Catarina Governor Election Winner ,elections,2026-09-29T21:23:46.779570+00:00,https://polymarket.com/event/santa-catarina-governor-election-winner-20260609164309743,Jorginho Mello,100.0,0.9955,,,2026-10-04T20:54:01.123278+00:00
https://polymarket.com/event/maranhao-governor-election-winner-20260611182113297,Maranhão Governor Election Winner,elections,2026-09-29T21:23:46.780187+00:00,https://polymarket.com/event/maranhao-governor-election-winner-20260611182113297,Eduardo Braide,91.88,0.875,,,2026-10-04T20:54:01.170587+00:00
https://polymarket.com/event/paraiba-governor-election-winner-20260611183326566,Paraíba Governor Election Winner,elections,2026-09-29T21:23:46.780382+00:00,https://polymarket.com/event/paraiba-governor-election-winner-20260611183326566,Lucas Ribeiro,96.6,0.92,,,2026-10-04T20:54:01.355750+00:00
https://polymarket.com/event/espirito-santo-governor-election-winner-20260611183840001,Espírito Santo Governor Election Winner ,elections,2026-09-29T21:23:46.780606+00:00,https://polymarket.com/event/espirito-santo-governor-election-winner-20260611183840001,Ricardo Ferraço,56.18,0.535,,,2026-10-04T20:54:01.501980+00:00
https://polymarket.com/event/pernambuco-governor-election-winner-20260709143134925,Pernambuco Governor Election Winner,elections,2026-09-29T21:23:46.780782+00:00,https://polymarket.com/event/pernambuco-governor-election-winner-20260709143134925,Raquel Lyra,56.18,0.535,,,2026-10-04T20:54:01.568232+00:00
https://polymarket.com/event/acre-governor-election-winner,Acre Governor Election Winner,elections,2026-09-29T21:23:46.780962+00:00,https://polymarket.com/event/acre-governor-election-winner,Mailza Assis,72.97,0.695,,,2026-10-04T20:54:01.632779+00:00
https://polymarket.com/event/mato-grosso-do-sul-governor-election-winner,Mato Grosso do Sul Governor Election Winner,elections,2026-09-29T21:23:46.781725+00:00,https://polymarket.com/event/mato-grosso-do-sul-governor-election-winner,Eduardo Riedel,100.0,0.994,,,2026-10-04T20:54:02.056020+00:00
https://polymarket.com/event/mato-grosso-governor-election-winner,Mato Grosso Governor Election Winner,elections,2026-09-29T21:23:46.781903+00:00,https://polymarket.com/event/mato-grosso-governor-election-winner,Otaviano Pivetta,53.02,0.505,,,2026-10-04T20:54:02.209194+00:00
https://polymarket.com/event/rondonia-governor-election-winner,Rondônia Governor Election Winner,elections,2026-09-29T21:23:46.782249+00:00,https://polymarket.com/event/rondonia-governor-election-winner,Marcos Rogério,95.55,0.91,,,2026-10-04T20:54:02.357832+00:00
https://polymarket.com/event/roraima-governor-election-winner,Roraima Governor Election Winner,elections,2026-09-29T21:23:46.782445+00:00,https://polymarket.com/event/roraima-governor-election-winner,Arthur Henrique,99.7,0.9495,,,2026-10-04T20:54:02.495572+00:00
https://polymarket.com/event/tocantins-governor-election-winner,Tocantins Governor Election Winner,elections,2026-09-29T21:23:46.782629+00:00,https://polymarket.com/event/tocantins-governor-election-winner,Professora Dorinha,61.95,0.59,,,2026-10-04T20:54:02.637730+00:00
https://polymarket.com/event/rio-grande-do-norte-governor-election-winner,Rio Grande do Norte Governor Election Winner,elections,2026-09-29T21:23:46.783010+00:00,https://polymarket.com/event/rio-grande-do-norte-governor-election-winner,Allyson,71.4,0.68,,,2026-10-04T20:54:02.698632+00:00
https://polymarket.com/event/sergipe-governor-election-winner,Sergipe Governor Election Winner,elections,2026-09-29T21:23:46.783201+00:00,https://polymarket.com/event/sergipe-governor-election-winner,Fábio,86.62,0.825,,,2026-10-04T20:54:02.843058+00:00
https://polymarket.com/event/alagoas-senate-election-2nd-place,Alagoas Senate Election: 2nd Place,elections,2026-09-29T21:23:46.783982+00:00,https://polymarket.com/event/alagoas-senate-election-2nd-place,Arthur Lira,40.43,0.385,,,2026-10-04T20:54:02.884786+00:00
https://polymarket.com/event/federal-district-senate-election-1st-place,Federal District Senate Election: 1st Place,elections,2026-09-29T21:23:46.785809+00:00,https://polymarket.com/event/federal-district-senate-election-1st-place,Michelle Bolsonaro,96.6,0.92,,,2026-10-04T20:54:03.096605+00:00
https://polymarket.com/event/paraiba-senate-election-1st-place,Paraíba Senate Election: 1st Place,elections,2026-09-29T21:23:46.789150+00:00,https://polymarket.com/event/paraiba-senate-election-1st-place,Joao Azevêdo,89.25,0.85,,,2026-10-04T20:54:03.241773+00:00
https://polymarket.com/event/parana-senate-election-2nd-place,Paraná Senate Election: 2nd Place,elections,2026-09-29T21:23:46.793088+00:00,https://polymarket.com/event/parana-senate-election-2nd-place,Alexandre Curi,37.27,0.355,,,2026-10-04T20:54:03.398043+00:00
https://polymarket.com/event/roraima-senate-election-2nd-place,Roraima Senate Election: 2nd Place,elections,2026-09-29T21:23:46.794001+00:00,https://polymarket.com/event/roraima-senate-election-2nd-place,Nicoletti,59.01,0.562,,,2026-10-04T20:54:03.460202+00:00
https://polymarket.com/event/rio-grande-do-sul-senate-election-2nd-place,Rio Grande do Sul Senate Election: 2nd Place,elections,2026-09-29T21:23:46.794291+00:00,https://polymarket.com/event/rio-grande-do-sul-senate-election-2nd-place,Sanderson,64.89,0.618,,,2026-10-04T20:54:03.626022+00:00
